rmse,mae,mape,r2,directional_accuracy,win_rate,sharpe_ratio,max_drawdown,n_params,run_name
2112.2345535836275,1534.5670971969746,1.635463135018006,0.9824807556326404,49.86149584487535,49.86149584487535,-0.5024951824327646,-0.5171090364456177,195457,cnn_lstm_BTC_1d_h1
