rmse,mae,mape,r2,directional_accuracy,win_rate,sharpe_ratio,max_drawdown,n_params,run_name
3185.582727111467,2668.3523878393826,2.7274821672867873,0.9589311928216946,50.63938618925832,50.63938618925832,0.6314912551840773,-0.405852347612381,943361,lstm_BTC_1d_h1
